sodimm,net,dir,ecp5_ball,artix_ball
41,GPIO17,in,L2,R2
42,JS2_RIGHT,in,R1,P5
44,JS2_LEFT,in,T1,T6
46,JS2_DOWN,in,U1,U7
48,JS2_TRIG,in,Y2,U6
49,GPIO16,in,K18,T3
50,JS2_UP,in,W1,U5
51,GPIO15,in,C18,T4
52,JS1_RIGHT,in,V1,V5
54,JS1_LEFT,in,M1,U1
57,GPIO14,in,T18,U2
58,JS1_DOWN,in,N2,H3
59,GPIO13,in,R18,U3
60,JS1_TRIG,in,N3,J1
61,GPIO12,in,R17,V2
62,JS1_UP,in,T2,K1
63,GPIO11,in,P17,V3
64,SW_RESET,in,M3,L1
65,GPIO10,in,M17,W1
66,SW_OPTION,in,T3,M1
67,GPIO9,in,T17,Y1
68,SW_SELECT,in,R3,J2
69,FPGA_DVI_CLK_N,out,U18,AA1
70,SW_START,in,N4,K2
71,FPGA_DVI_CLK_P,out,U17,AB1
73,GPIO18,in,P18,W2
75,GPIO19,in,N17,Y2
77,GPIO21,in,N18,AB2
79,FPGA_DVI_TX0_N,out,M18,AA3
81,GPIO20,in,L20,AB3
83,FPGA_DVI_TX0_P,out,L18,Y3
84,LED3,out,J17,R3
86,LED2,out,H18,M3
88,LED1,out,H17,V4
90,LED0,out,G18,R4
92,SRAM_A0,out,H16,T5
94,SRAM_A16,out,F18,J5
95,FPGA_DVI_TX1_N,out,G20,Y6
96,SRAM_A1,out,G16,J6
98,SRAM_A15,out,E18,W5
99,FPGA_DVI_TX1_P,out,F20,AA6
100,SRAM_A2,out,F17,L5
102,SRAM_A14,out,F16,L6
104,SRAM_A3,out,E16,W6
109,FPGA_DVI_TX2_N,out,E19,AA8
110,SRAM_A13,out,E17,V7
111,FPGA_DVI_TX2_P,out,D20,AB8
112,SRAM_CE_N,out,D18,N13
114,SRAM_OE_N,out,D17,N14
116,SRAM_D0,in,G5,P15
118,SRAM_D7,in,D16,P16
120,SRAM_D1,in,F5,R16
122,SRAM_D6,in,E6,N17
130,SRAM_D5,in,F1,T18
132,SRAM_D2,in,F3,R17
134,SRAM_D4,in,G3,U18
136,SRAM_D3,in,H3,R18
138,SRAM_A12,out,H4,N18
140,SRAM_WE_N,out,H5,R19
142,SRAM_A11,out,J4,N19
144,SRAM_A4,out,J5,N15
146,SRAM_A10,out,K3,M16
148,SRAM_A5,out,K4,M15
150,SRAM_A9,out,K5,L15
152,SRAM_A6,out,B3,L16
153,AUDIO_R,out,E1,AB21
154,SRAM_A8,out,A2,K14
155,AUDIO_L,out,F2,Y21
156,SRAM_A7,out,B2,N22
